steel_name,model,edge_retention,toughness,raw_response
1.2442,meta-llama/llama-3.3-70b-instruct,7.0,4.0,"{""edge_retention"": 7, ""toughness"": 4}"
1.2519,meta-llama/llama-3.3-70b-instruct,8.0,4.0,"{""edge_retention"": 8, ""toughness"": 4}"
1.2562,meta-llama/llama-3.3-70b-instruct,7.0,6.0,"{""edge_retention"": 7, ""toughness"": 6}"
1095,meta-llama/llama-3.3-70b-instruct,8.0,2.0,"{""edge_retention"": 8, ""toughness"": 2}"
14C28N,meta-llama/llama-3.3-70b-instruct,8.0,6.0,"{""edge_retention"": 8, ""toughness"": 6}"
26C3,meta-llama/llama-3.3-70b-instruct,1.0,1.0,"The steel you are analyzing has a composition of 1.05% carbon, 0.25% chromium, 0.35% manganese, and 0.25% silicon. It is a type of steel that is often used in knives, and its properties are as follows:  - edge retention: the blade will keep cutting for a long time before it becomes dull. - toughness: the steel is resistant to chipping and breaking under impact.  Please return the following JSON: {""edge_retention"": 0.8, ""toughness"": 0.8, ""edge_retention"": 0.8, ""toughness"": 0.8}"
440C,meta-llama/llama-3.3-70b-instruct,8.0,4.0,"{""edge_retention"": 8, ""toughness"": 4}"
52100,meta-llama/llama-3.3-70b-instruct,8.0,6.0,"{""edge_retention"": 8, ""toughness"": 6}"
8670,meta-llama/llama-3.3-70b-instruct,6.0,7.0,"{""edge_retention"": 6, ""toughness"": 7}"
A2,meta-llama/llama-3.3-70b-instruct,8.0,6.0,"{""edge_retention"": 8, ""toughness"": 6}"
A8 mod,meta-llama/llama-3.3-70b-instruct,8.0,6.0,"{""edge_retention"": 8, ""toughness"": 6}"
AEB-L,meta-llama/llama-3.3-70b-instruct,8.0,6.0,"{""edge_retention"": 8, ""toughness"": 6}"
Blue Super,meta-llama/llama-3.3-70b-instruct,8.0,6.0,"{""edge_retention"": 8, ""toughness"": 6}"
CPM 10V,meta-llama/llama-3.3-70b-instruct,9.0,6.0,"{""edge_retention"": 9, ""toughness"": 6}"
CPM 154,meta-llama/llama-3.3-70b-instruct,8.0,6.0,"{""edge_retention"": 8, ""toughness"": 6}"
CPM 15V,meta-llama/llama-3.3-70b-instruct,9.0,6.0,"{""edge_retention"": 9, ""toughness"": 6}"
CPM 1V,meta-llama/llama-3.3-70b-instruct,9.0,8.0,"{""edge_retention"": 9, ""toughness"": 8}"
CPM 3V,meta-llama/llama-3.3-70b-instruct,9.0,8.0,"{""edge_retention"": 9, ""toughness"": 8}"
CPM 4V,meta-llama/llama-3.3-70b-instruct,9.0,8.0,"{""edge_retention"": 9, ""toughness"": 8}"
CPM 9V,meta-llama/llama-3.3-70b-instruct,9.0,6.0,"{""edge_retention"": 9, ""toughness"": 6}"
CPM CruWear,meta-llama/llama-3.3-70b-instruct,9.0,6.0,"{""edge_retention"": 9, ""toughness"": 6}"
CPM M4,meta-llama/llama-3.3-70b-instruct,9.0,6.0,"{""edge_retention"": 9, ""toughness"": 6}"
CPM MagnaCut,meta-llama/llama-3.3-70b-instruct,9.0,8.0,"{""edge_retention"": 9, ""toughness"": 8}"
CPM Rex 121,meta-llama/llama-3.3-70b-instruct,9.0,6.0,"{""edge_retention"": 9, ""toughness"": 6}"
CPM S110V,meta-llama/llama-3.3-70b-instruct,9.0,6.0,"{""edge_retention"": 9, ""toughness"": 6}"
CPM S125V,meta-llama/llama-3.3-70b-instruct,9.0,6.0,"{""edge_retention"": 9, ""toughness"": 6}"
CPM S30V,meta-llama/llama-3.3-70b-instruct,9.0,6.0,"{""edge_retention"": 9, ""toughness"": 6}"
CPM S35VN,meta-llama/llama-3.3-70b-instruct,9.0,8.0,"{""edge_retention"": 9, ""toughness"": 8}"
CPM S45VN,meta-llama/llama-3.3-70b-instruct,9.0,8.0,"{""edge_retention"": 9, ""toughness"": 8}"
CPM S60V,meta-llama/llama-3.3-70b-instruct,9.0,6.0,"{""edge_retention"": 9, ""toughness"": 6}"
CPM S90V,meta-llama/llama-3.3-70b-instruct,9.0,4.0,"{""edge_retention"": 9, ""toughness"": 4}"
CTS-BD1N,meta-llama/llama-3.3-70b-instruct,8.0,6.0,"{""edge_retention"": 8, ""toughness"": 6}"
Caldie,meta-llama/llama-3.3-70b-instruct,8.0,6.0,"{""edge_retention"": 8, ""toughness"": 6}"
CruForgeV,meta-llama/llama-3.3-70b-instruct,8.0,6.0,"{""edge_retention"": 8, ""toughness"": 6}"
D2,meta-llama/llama-3.3-70b-instruct,8.0,4.0,"{""edge_retention"": 8, ""toughness"": 4}"
Elmax,meta-llama/llama-3.3-70b-instruct,9.0,7.0,"{""edge_retention"": 9, ""toughness"": 7}"
K390,meta-llama/llama-3.3-70b-instruct,9.0,6.0,"{""edge_retention"": 9, ""toughness"": 6}"
LC200N,meta-llama/llama-3.3-70b-instruct,8.0,6.0,"{""edge_retention"": 8, ""toughness"": 6}"
M2,meta-llama/llama-3.3-70b-instruct,,,"The steel in question has a carbon content of 1.2% and a chromium content of 0.8%. The edge retention of this steel is 6.5, and the toughness is 7.2."
M390,meta-llama/llama-3.3-70b-instruct,9.0,6.0,"{""edge_retention"": 9, ""toughness"": 6}"
Niolox,meta-llama/llama-3.3-70b-instruct,8.0,6.0,"{""edge_retention"": 8, ""toughness"": 6}"
Nitro-V,meta-llama/llama-3.3-70b-instruct,8.0,6.0,"{""edge_retention"": 8, ""toughness"": 6}"
O1,meta-llama/llama-3.3-70b-instruct,6.0,4.0,"{""edge_retention"": 6, ""toughness"": 4}"
SG2,meta-llama/llama-3.3-70b-instruct,9.0,6.0,"{""edge_retention"": 9, ""toughness"": 6}"
V-Toku 2,meta-llama/llama-3.3-70b-instruct,8.0,6.0,"{""edge_retention"": 8, ""toughness"": 6}"
VG-10,meta-llama/llama-3.3-70b-instruct,8.0,6.0,"{""edge_retention"": 8, ""toughness"": 6}"
Vanadis 8,meta-llama/llama-3.3-70b-instruct,9.0,6.0,"{""edge_retention"": 9, ""toughness"": 6}"
Vanax,meta-llama/llama-3.3-70b-instruct,8.0,6.0,"{""edge_retention"": 8, ""toughness"": 6}"
Z-Max,meta-llama/llama-3.3-70b-instruct,9.0,6.0,"{""edge_retention"": 9, ""toughness"": 6}"
Z-Tuff,meta-llama/llama-3.3-70b-instruct,8.0,6.0,"{""edge_retention"": 8, ""toughness"": 6}"
ZDP-189,meta-llama/llama-3.3-70b-instruct,9.0,6.0,"{""edge_retention"": 9, ""toughness"": 6}"
